Product Category Level 1,Product Category Level 2,Product Category Level 3,Product List Clicks,Product Adds To Cart,Unique Purchases
Beauty,Make-Up,Lips,"1,31,783","25,817","7,177"
Beauty,Make-Up,Nails,"1,06,918","27,672","8,920"
Beauty,Make-Up,Face Makeup,"68,249","15,812","4,969"
Beauty,Make-Up,Eyes,"56,337","14,957","4,725"
Beauty,Hair,Hair Care,"47,005","10,300","4,059"
Beauty,Personal Care,Face Personal Care,"37,557","8,262","3,129"
Beauty,Skin Care,Masks,"24,698","5,176","1,561"
Beauty,Personal Care,Bath & Shower,"22,037","4,437","1,639"
Beauty,Fragrances,Unisex,"21,383","4,848","1,535"
Beauty,Skin Care,Toners & Serums,"19,274","2,787",801
Beauty,Hair,Hair Color,"16,189","3,737","1,301"
Beauty,Skin Care,Moisturizers,"14,996","2,519",867
Beauty,Skin Care,Face Skin Care,"14,897","3,397","1,371"
Beauty,Skin Care,Sunscreen,"13,418","1,981",641
Beauty,Personal Care,Lip Care,"12,768","2,654",889
Beauty,Fragrances,Women,"12,390","2,008",574
Beauty,Personal Care,Body Care,"9,083","2,036",845
Beauty,Skin Care,Cleansers,"7,121","2,549","1,024"
Beauty,Fragrances,Men,"6,742","1,876",567
Beauty,Skin Care,Eye Care,"6,008",374,106
Beauty,Mom & Baby,Feminine Hygiene,"6,006",797,345
Beauty,Mom & Baby,Baby Care,"4,301",936,394
Beauty,Hair,Hair Tools & Accessories,"3,447",586,247
Beauty,Hair,Scalp Treatments,"2,887",402,139
Beauty,Men's Grooming,Shaving,"2,866",175,75
Beauty,Men's Grooming,Beard Care,"2,812",141,71
Beauty,Skin Care,Aromatherapy,"2,561",528,238
Beauty,Tools & Appliances,Face,"2,139",123,18
Beauty,Fragrances,"Unisex,Men","2,072",0,0
Beauty,Personal Care,Hands & Feet,"2,066",570,207
Beauty,Mom & Baby,Baby Bath Time,"1,906",806,308
Beauty,Personal Care,Oral Care,"1,851",637,284
Beauty,Make-Up,Make-Up Tools & Brushes,"1,777",290,103
Beauty,Hair,Hair Styling,"1,772",624,275
Beauty,Tools & Appliances,Hair Styling Tools,"1,478",126,21
Beauty,Ayush,Ayurvedic,"1,268",397,170
Beauty,Personal Care,Home & Health,"1,078",214,107
Beauty,Personal Care,Bathing Accessories,979,269,129
Beauty,Personal Care,Personal Care Tools & Accessories,923,178,76
Beauty,Wellness,Health - Supplements,836,124,71
Beauty,Fragrances,"Unisex,Women",826,0,0
Beauty,Fitness,Health Food And Drinks,510,141,76
Beauty,Tools & Appliances,Massage Tools,469,17,2
Beauty,Mom & Baby,Maternity Care,260,45,19
Beauty,Covid Essentials,Personal & Home Essentials,248,51,6
Beauty,Fitness,Ayurvedic Supplements,199,73,33
Beauty,Ayush,Homeopathy,188,21,8
Beauty,Make-Up,"Face Makeup,Eyes",188,0,0
Beauty,Skin Care,"Toners & Serums,Face Skin Care",106,0,0
Beauty,Mom & Baby,Maternity Accessories,102,11,0
Beauty,Fitness,Vitamins And Supplements,98,19,4
Beauty,Blue Heaven Creme Matte Lipstick - Red Matte 195 4 gm,(not set),92,0,0
Beauty,Personal Care,Senior Care,82,3,2
Beauty,"Skin Care,Fragrances","Masks,Unisex,Men",78,0,0
Beauty,Hair,Shop By Hair Type,67,7,3
Beauty,Treatments,Pain Relief Application,60,18,7
Beauty,Treatments,Skin Treatment,47,25,10
Beauty,Treatments,Cough & Cold,41,1,0
Beauty,Garnier Skin Naturals Bright Complete Vitamin C UV Serum Cream 23 gm,(not set),25,0,0
Beauty,GLIMMER COMPACT CLASSIC IVORY 8 gm,(not set),18,0,0
Beauty,Fitness,Family Nutrition,17,1,1
Beauty,Faces Canada Weightless Matte Finish Lipstick Blazing Blush 20 4 Gm,(not set),14,0,0
Beauty,Blue Heaven Creme  Lipstick - Riche Maroon 119 4 gm,(not set),13,0,0
Beauty,Bella Voste Gel-Shine Nail Paints Pump It Up(36) 9 Ml,(not set),12,0,0
Beauty,Lakme Forever Matte Liquid Lip Colour Nude Myth 5.6 Ml,(not set),12,0,0
Beauty,Blue Heaven Hyperstay Matte - Ginger Brown-12 6 ml,(not set),11,0,0
Beauty,Glimmer Nail Polish Slate Grey 5 ml,(not set),11,0,0
Beauty,Bio Fruit Depigmentation Pack 50 Gm,(not set),10,0,0
Beauty,Miss Claire Waterproof Kohl & Kajal Soft Kohl Kajal Pencil (Silver Cap) 1.2 Gm,(not set),9,0,0
Beauty,Blue Heaven Creme  Lipstick - Riche Maroon 115 4 gm,(not set),8,0,0
Beauty,"Blue Heaven 12-in-1 Bling Eyeshadow, Subtle Romance 22 gm",(not set),7,0,0
Beauty,Blue Heaven Creme Matte Lipstick - Red Matte 191 4 gm,(not set),7,0,0
Beauty,GUBB Round Hair Brush - Styler Range 140 gm,(not set),7,0,0
Beauty,Keya Seth Aromatherapy Skin Defence Orange Body Oil 400 ml,(not set),7,0,0
Beauty,"Blue Heaven 12-in-1 Bling Eyeshadow, Indie Vibe 22 gm",(not set),6,0,0
Beauty,"Blue Heaven Lip Bomb,Bubblegum 8 gm",(not set),6,0,0
Beauty,"Elle 18 Color Pop Matte Lip Color, P24, Pink Show 4.3 gm",(not set),6,0,0
Beauty,Miss Claire Waterproof Eyebrow Pencil 01 Black (Mascara Brush) 1.4 Gm,(not set),6,0,0
Beauty,Blue Heaven Creme Matte Lipstick - Red Matte 192 4 gm,(not set),5,0,0
Beauty,Faces Canada Weightless Matte Finish Foundation Ivory 01 1 18 Ml,(not set),5,0,0
Beauty,Insight Cosmetics 2X Cover Master Concealer - Golden Sand 6 ml,(not set),5,0,0
Beauty,Insight Cosmetics Multi-Use Loose Eyeshadow - Gold Crown 4 gm,(not set),5,0,0
Beauty,Insight Cosmetics Non - Transfer Lip Color - 25 MOLTEN PINK 4 ml,(not set),5,0,0
Beauty,"L'Oreal Paris Casting Creme Gloss Hair Color, 400 Dark Brown 159.5 Gm",(not set),5,0,0
Beauty,Lakme Forever Matte Liquid Lip Colour Red Velvet 5.6 Ml,(not set),5,0,0
Beauty,Lotus Herbals Youthrx Activating Serum + Creme 30 Ml,(not set),5,0,0
Beauty,Miss Claire Glimmersticks For Eyes E-08 Sea Green 1.8 Gm,(not set),5,0,0
Beauty,Miss Claire Waterproof Kohl & Kajal Soft Kohl Kajal Pencil (Black Cap) 1.2 Gm,(not set),5,0,0
Beauty,Bella Voste Sand Holo Nail Paints Plum Berry Purple - 409 10 ml,(not set),4,0,0
Beauty,"Blue Heaven 12-in-1 Bling Eyeshadow, Garden Paradise 22 gm",(not set),4,0,0
Beauty,Blue Heaven Bling Nailpaint 811 (Pink Flash) 8 ml,(not set),4,0,0
Beauty,Blue Heaven Creme Lipstick - Riche Coffee Brown 141 4 gm,(not set),4,0,0
Beauty,Blue Heaven Powder Matte -Mahogany Moments B03 3.5 gm,(not set),4,0,0
Beauty,Clovia Botaniqa Pure Rosemary Essential Oil 10 ml,(not set),4,0,0
Beauty,"Elle 18 Color Pop Matte Lip Color, B2, Brown Ginger 4.3 gm",(not set),4,0,0
Beauty,"Elle 18 Color Pop Matte Lip Color, P21, Pink Kiss 4.3 gm",(not set),4,0,0
Beauty,Glimmer Nail Polish Onion Red 5 ml,(not set),4,0,0
Beauty,Insight Cosmetics Non - Transfer Lip Color - 21 ROMANCE 4 ml,(not set),4,0,0
Beauty,Lakme Forever Matte Liquid Lip Colour Wine Touch 5.6 Ml,(not set),4,0,0
Beauty,Lotus Herbals Safe Sun 3 In 1 Matte-Look Daily Sunblock Pa+++ Spf-40 50 Gm,(not set),4,0,0
Beauty,Make-Up,"Eyes,Make-Up Tools & Brushes",4,0,0
Beauty,"Maybelline New York Baby Lips Lip Balm, Berry Crush 4 gm",(not set),4,0,0
Beauty,"Maybelline New York Color Sensational Loaded Bold Lipstick, Midnight Date 1's",(not set),4,0,0
Beauty,"Maybelline New York Fit Me Matte + Poreless Powder, 230 Natural Buff 1's",(not set),4,0,0
Beauty,SmiloShine Lollipop Tongue Cleaner for Kids,(not set),4,0,0
Beauty,Beauty People Wow Range Nail Polish Scarlet - 161 6 ml,(not set),3,0,0
Beauty,Blue Heaven Creme Lipstick - Riche Magenta 133 4 gm,(not set),3,0,0
Beauty,Blue Heaven Creme Lipstick - Riche Maroon 111 4 gm,(not set),3,0,0
Beauty,"Blue Heaven Oil control Compact Powder, Chocolate 601 8 gm",(not set),3,0,0
Beauty,Faces Canada No Transfer Matte Lipstick Tea-Spiller 06 3.5 Ml,(not set),3,0,0
Beauty,Faces Canada Weightless Matte Finish Lipstick Fuschia Wave 02 4.5 Gm,(not set),3,0,0
Beauty,Fogg Deo Force 150 Ml,(not set),3,0,0
Beauty,Gemblue Biocare Charming Body lotion 500 ml,(not set),3,0,0
Beauty,Glimmer Nail Polish Red Lips 5 ml,(not set),3,0,0
Beauty,Insight Cosmetics Matte Lipstick - Cherry Wine 4.2 gm,(not set),3,0,0
Beauty,Insight Cosmetics Matte Lipstick - Rockstar Red 4.2 gm,(not set),3,0,0
Beauty,L'Oreal Paris Dream Lengths Shampoo 192.5 ml,(not set),3,0,0
Beauty,Lotus Herbals Youthrx Anti Ageing Firming Face Masque 80 Gm,(not set),3,0,0
Beauty,"Maybelline New York Baby Lips Alia Loves New York Lip Balm, Brooklyn Bronze 4 Gm",(not set),3,0,0
Beauty,"Maybelline New York Fit Me Matte+Poreless Liquid Foundation Tube, 128 Warm Nude 18 gm",(not set),3,0,0
Beauty,Nature Sure Rogan Jaitun Tail (Olive Oil) 110 ml,(not set),3,0,0
Beauty,Nature's Essence Flawless Gel Face Wash - Papaya 100 ml,(not set),3,0,0
Beauty,Nature's Essence The Whitening Diamond Facial single use kit 20 gm,(not set),3,0,0
Beauty,Vaadi Herbals Handmade Scrub Soap - Elbow-Foot-Knee 75 gm,(not set),3,0,0
Beauty,Ayouthveda Fruit Power Face Wash Gel 100 ml,(not set),2,0,0
Beauty,Beauty People Mini Pro Nail Paints Evening - Party - 229 5.5 ml,(not set),2,0,0
Beauty,Bella Voste Gel-Shine Nail Paint Shade 330 10 Ml,(not set),2,0,0
Beauty,Biotique Bio Papaya Revitalizing Tan Removal Scrub - All Skin Types 50 gm,(not set),2,0,0
Beauty,"Blue Heaven 2X intense Kajal, Green Queen 0.35 gm",(not set),2,0,0
Beauty,Blue Heaven Bling Nailpaint 151 (Yellow Daisy) 8 ml,(not set),2,0,0
Beauty,Blue Heaven Bling Nailpaint 704 (Storm Lightening) 8 ml,(not set),2,0,0
Beauty,Blue Heaven Creme Matte  Lipstick - Red Matte 193 4 gm,(not set),2,0,0
Beauty,"Blue Heaven Hypergel Nailpaint - Romantic Rose, 503 11 ml",(not set),2,0,0
Beauty,Blue Heaven Powder Matte -Mocha Madness B02 3.5 gm,(not set),2,0,0
Beauty,CAL Losangeles SPF 50+ C-02 12 gm,(not set),2,0,0
Beauty,Clean & Clear Pimple Clearing Face Wash 80 gm,(not set),2,0,0
Beauty,Colorbar Sindoor Sindoor Liquid Sinn002 3.8 Ml,(not set),2,0,0
Beauty,Daily Life Forever52 Wet And Dry Compact Powder Wd001 12 Gm,(not set),2,0,0
Beauty,Faces Canada Weightless Matte Finish Lipstick Bombshell Red 09 4 Gm,(not set),2,0,0
Beauty,Faces Canada Weightless Matte Finish Lipstick Forsake Beauty 01 4 Gm,(not set),2,0,0
Beauty,Flormar Fusion Power Foundation Serum 030 Light Beige 30 ml,(not set),2,0,0
Beauty,GLIMMER MATTE LIP COLOUR SALMON NUDE 2 ml,(not set),2,0,0
Beauty,Glimmer Nail Polish Rio 5 ml,(not set),2,0,0
Beauty,Insight Cosmetics Color Rich Lipstick - Grape Riot 4.2 gm,(not set),2,0,0
Beauty,Insight Cosmetics HD Finishing Loose Powder - Honey 30 gm,(not set),2,0,0
Beauty,INSIGHT COSMETICS NAIL POLISH REMOVER WIPES - LEMON (30 WIPES) 15 ml,(not set),2,0,0
Beauty,Insight Cosmetics Non - Transfer Lip Color - 01 Joyful 4 ml,(not set),2,0,0
Beauty,Insight Cosmetics Pastel Color Nail Polish - 31 9 ml,(not set),2,0,0
Beauty,Insight Cosmetics Pastel Color Nail Polish - 39 9 ml,(not set),2,0,0
Beauty,Jovees Henna & Ginseng Anti Hair Loss Shampoo 125 ml,(not set),2,0,0
Beauty,L'Oreal Paris Total Repair 5 Serum 40 Ml,(not set),2,0,0
Beauty,Lakme 9To5 Primer + Matte Lip Color Mp1 Pink Perfect 3.6 Gm,(not set),2,0,0
Beauty,Lakme 9To5 Primer + Matte Lip Color Mr5 Berry Base 3.6 Gm,(not set),2,0,0
Beauty,Lotus Herbals Radiant Pearl Cellular Lightening 4 Facial Kit 148 Gm,(not set),2,0,0
Beauty,Mamaearth Vitamin C Face Wash 100 ml,(not set),2,0,0
Beauty,Miss Claire Glimmersticks For Lips L-02 Mild Maroon 1.8 Gm,(not set),2,0,0
Beauty,Nature's Essence Acne Magic Clear Skin Gel Face Wash 65 ml,(not set),2,0,0
Beauty,NOTE ULTRA RICH COLOR LIPSTICK 08 4.5 gm,(not set),2,0,0
Beauty,Revlon Super Lustrous Lipstick ( Matte )- Rise Up Rose 4.2 Gm,(not set),2,0,0
Beauty,SUGAR Cosmetics Tipsy Lips Moisturizing Balm - 07 Bramble 4.5 gm,(not set),2,0,0
Beauty,Sweet Heart Red Deodorant Perfumed Bodyspray 100 ml,(not set),2,0,0
Beauty,The Beard Story Ultimate Men Hair Styling Gel - Strong Hold 100 gm,(not set),2,0,0
Beauty,Vitress Cuticle Coat Light Hair Serum Spray 50 ml,(not set),2,0,0
Beauty,VLCC Anti Tan Skin Lightening Face Wash Buy 1 Get 1 Free (Pack of 2 x 150 gm),(not set),2,0,0
Beauty,VLCC Natural Sciences Hair Fall Control Shampoo - Onion & fenugreek 300 ml,(not set),2,0,0
Beauty,Ajmal Mercurial - Thunder Edt 250 Ml,(not set),1,0,0
Beauty,Ajmal Viola Edp 75 Ml,(not set),1,0,0
Beauty,Beauty People Power Pro Range Nail Polishpink - Max - 237 9.9 ml,(not set),1,0,0
Beauty,Bella Voste Gel-Shine Nail Paints Antique Almond(42) 9 Ml,(not set),1,0,0
Beauty,Bella Voste Gel-Shine Nail Paints Tropical Teal(34) 9 Ml,(not set),1,0,0
Beauty,Bella Voste Nude Matt Nail Paints Cocktail Charm(67) 9 Ml,(not set),1,0,0
Beauty,Bella Voste Pastel Nail Paints Magical Eve(24) 9 Ml,(not set),1,0,0
Beauty,Bella Voste Sheer Creme Lust Lipstick Love It ! 14 4.2 Gm,(not set),1,0,0
Beauty,Bella Voste Shimmer Nail Paints Better Than Ever(54) 9 Ml,(not set),1,0,0
Beauty,Bio Milk Cream Baby Nurturing 50 Gm,(not set),1,0,0
Beauty,Bio Morning Nectar Face Scrub Wash 200 Ml,(not set),1,0,0
Beauty,Blue Heaven Bling Nailpaint 801 (Snow White) 8 ml,(not set),1,0,0
Beauty,Blue Heaven Bling Nailpaint 805 (Brilliant Earth) 8 ml,(not set),1,0,0
Beauty,Blue Heaven Bling Nailpaint 806 (Grey Pearl) 8 ml,(not set),1,0,0
Beauty,Blue Heaven Creme Lipstick - Riche Red 104 4 gm,(not set),1,0,0
Beauty,Blue Heaven Creme Matte Lipstick - Coffee Matte 186 4 gm,(not set),1,0,0
Beauty,Blue Heaven Hyperstay Matte - Mystic Maroon-05 6 ml,(not set),1,0,0
Beauty,Blue Heaven Long Lasting Makeup Fixer 115 ml,(not set),1,0,0
Beauty,"Blue Heaven Oil control Compact Powder, Honey 301 8 gm",(not set),1,0,0
Beauty,"Blue Heaven Powder Matte -Woody flush, N01 3.5 gm",(not set),1,0,0
Beauty,Blue Heaven Rose water 125 ml,(not set),1,0,0
Beauty,CAL Losangeles  Soft Matte Breathtaking Lipstick 3.5 gm,(not set),1,0,0
Beauty,Colorbar Flaming Red - (046) 12 ml,(not set),1,0,0
Beauty,Colorbar Grey Slate - (1002) 12 ml,(not set),1,0,0
Beauty,Colorbar Lux Nail Lacquer Cbn1152 12 Ml,(not set),1,0,0
Beauty,Colorbar Lux Nail Lacquer Cbn267 12 Ml,(not set),1,0,0
Beauty,Colorbar On The Go Makeup Remover Wipes - 003 1's,(not set),1,0,0
Beauty,Colorbar Sinful Matte Lipstick Mml004 3.5 Gm,(not set),1,0,0
Beauty,Deborah Milano Gel Effect - 21 Infrared Nail Polish 8.5 ml,(not set),1,0,0
Beauty,Faces Canada No Transfer Matte Lipstick Influencer 02 3.5 Ml,(not set),1,0,0
Beauty,Faces Canada Weightless Creme Finish Lipstick Imperial Plum 23 4 Gm,(not set),1,0,0
Beauty,Faces Canada Weightless Creme Finish Lipstick Lady In Red 11 4 Gm,(not set),1,0,0
Beauty,"Fashion Colour Non - Transfer Matt Waterproof Lipstick, 27 Toffee 2.6 gm",(not set),1,0,0
Beauty,Flormar BB Cream BB05 Medium 35 ml,(not set),1,0,0
Beauty,"Garnier Color Naturals Creme Riche Sachet, Shade 7.3, Golden Brown 30 ml + 30 gm",(not set),1,0,0
Beauty,Gemblue Biocare De Tan Face and Body Scrub 500 ml,(not set),1,0,0
Beauty,Gemblue Biocare Papaya Face and Body Scrub 500 ml,(not set),1,0,0
Beauty,GL -9 ml 130BBLACK GLIMMER 9 ml,(not set),1,0,0
Beauty,Glimmer Face Sheet Mask Aloe Charcoal 1's,(not set),1,0,0
Beauty,Glimmer Nail Polish Cabaret 5 ml,(not set),1,0,0
Beauty,Glimmer Nail Polish Dark Maroon 5 ml,(not set),1,0,0
Beauty,Glimmer Nail Polish Maroon 5 ml,(not set),1,0,0
Beauty,Glimmer Nail Polish Tree Brwon 5 ml,(not set),1,0,0
Beauty,Gold Radiance Facial Kit 5X10G 10 Gm,(not set),1,0,0
Beauty,Himalaya Anti-Hair Fall Hair Oil 200 ml,(not set),1,0,0
Beauty,Insight Cosmetics Color Rich Lipstick - Never Nude 4.2 gm,(not set),1,0,0
Beauty,Insight Cosmetics Color Rich Lipstick - Wine Room 4.2 gm,(not set),1,0,0
Beauty,Keya Seth Aromatherapy Orange Body Wash 200 ml,(not set),1,0,0
Beauty,L.A. Colors Eyeliner Pencil- Black 1 gm,(not set),1,0,0
Beauty,L'Oreal Paris 6 Oil Nourish Shampoo 82.5 Gm,(not set),1,0,0
Beauty,"L'Oreal Paris Excellence Creme Hair Color, 4.25 Aishwarya's Brown 172 gm",(not set),1,0,0
Beauty,L'Oreal Paris Skin Perfect 30+ Anti-Fine Lines Cream 50 gm,(not set),1,0,0
Beauty,LA French AMBITION Perfume for Women 100 ml,(not set),1,0,0
Beauty,Lafz Kayani Dastoor No Alcohol Deodorant Spray - For Men 150 ml,(not set),1,0,0
Beauty,Lafz Ruzbeh No Alcohol No Gas Premium Body Spray - For Men 120 ml,(not set),1,0,0
Beauty,Lakme 9 To 5 Complexion Care Cc Cream Almond 30 Gm,(not set),1,0,0
Beauty,Lakme 9To5 Primer + Matte Lip Color Mp4 Plum Pick 3.6 Gm,(not set),1,0,0
Beauty,Lakme 9To5 Primer + Matte Perfect Cover Foundation N260 Neutral Honey 25 Ml,(not set),1,0,0
Beauty,Lakme Absolute White Intense Wet & Dry Compact Rose  02 9 Gm,(not set),1,0,0
Beauty,Lakme Kajal Black 2 gm,(not set),1,0,0
Beauty,Lakme Lip Love Chapstick Mango 4.5 Gm,(not set),1,0,0
Beauty,Lip Balm - Lychee 10 gm,(not set),1,0,0
Beauty,Lotus Herbals Whiteglow Advanced Pink Glow Creme Spf 25 I Pa+++ 50 Gm,(not set),1,0,0
Beauty,Mamaearth Charcoal Nourishing Bathing Soap (4 + 1 Free) 375 gm,(not set),1,0,0
Beauty,Mamaearth Milky Soft Body Lotion For Babies 400 ml,(not set),1,0,0
Beauty,"Maybelline New York Baby Lips Lip Balm, Pink Lolita 4 gm",(not set),1,0,0
Beauty,"Maybelline New York Color Sensational Creamy Matte Lipstick, 671 Heated Pink 1's",(not set),1,0,0
Beauty,"Maybelline New York Fit Me Concealer,25 Medium 6.8 ML",(not set),1,0,0
Beauty,"Maybelline New York Hyperglossy Liquid Eyeliner, Black 3 gm",(not set),1,0,0
Beauty,"Maybelline New York Super Stay 24H Full coverage Liquid Foundation,Classic Ivory 120 30 gm",(not set),1,0,0
Beauty,Maybelline New York Super Stay Matte Ink Liquid Lipstick 15 Lover 5 ml,(not set),1,0,0
Beauty,"Maybelline New York Super Stay Matte Ink Liquid Lipstick, 115 Founder 5 gm",(not set),1,0,0
Beauty,Miss Claire Butter Lip Balm - Brownie Bl08 4 Gm,(not set),1,0,0
Beauty,Miss Claire Butter Lip Balm - Parfait Bl01 4 Gm,(not set),1,0,0
Beauty,Miss Claire Glimmersticks For Eyes E-12 Deep Brown 1.8 Gm,(not set),1,0,0
Beauty,Miss Claire Glimmersticks For Lips L-24 Sandy Pink 1.8 Gm,(not set),1,0,0
Beauty,Miss Claire One Stroke Kajal Super Black Kajal (Yellow Printing) 0.35 Gm,(not set),1,0,0
Beauty,Miss Claire Tinted Lip Balm 01 3 Gm,(not set),1,0,0
Beauty,Miss Rose Matte Finish Bullet Lipstick Shade 45 TimeSquare 7301 - 026B 45 3.4 gm,(not set),1,0,0
Beauty,Oxyglow Face Bleach Cream - Papaya 50 gm,(not set),1,0,0
Beauty,Plum Green Tea Skin Clarifying Concentrate Serum 30 ml,(not set),1,0,0
Beauty,Plum Vitamin C Foaming Face Wash with Mandarin 110 ml,(not set),1,0,0
Beauty,RENEE Fab Bullet L 09 Tea Rose 1.5 gm,(not set),1,0,0
Beauty,Revlon Colorsilk Hair Color With Keratin - Brown Black 2N 40 Gm,(not set),1,0,0
Beauty,Revlon Kohl Kajal - Black 1.14 Gm,(not set),1,0,0
Beauty,Revlon Love Her Madly Perfumed Body Spray 100 Ml,(not set),1,0,0
Beauty,Revlon Ultra Hd Matte Lip Color - Hd Romance 5.9 Ml,(not set),1,0,0
Beauty,"Sery Colorflirt Nail Paint Hawaiian Blue, Blue 10 ml",(not set),1,0,0
Beauty,"Sery Colorflirt Nail Paint Mint Affair, Green 10 ml",(not set),1,0,0
Beauty,"Sery Stay On Matte Liquid Lipstick Peach Tart, Peach (LSO - 03) 5 ml",(not set),1,0,0
Beauty,"Skin Care,Personal Care","Toners & Serums,Bath & Shower",1,0,0
Beauty,Sri Sri Tattva Exfoliating Face Scrub 60 gm,(not set),1,0,0
Beauty,The Beauty Co. Peel Off Glow Face Mask - Activated Charcoal 20 gm,(not set),1,0,0
Beauty,Vlcc Henna Set Of 2 240 Gm,(not set),1,0,0
Beauty,Best Deals,Fragrance under 999,0,96,20
Beauty,Best Deals,Season's Fragrances,0,123,26
Beauty,Eye Care,Dark Circle & Wrinkle Busters,0,2,0
Beauty,Men's Grooming,Beardo Godfather Beard Oil - Lite 30 ml,0,13,1
Beauty,Men's Grooming,Bombay Shaving Company Beard Care Starter Kit,0,6,1
Beauty,Men's Grooming,Bombay Shaving Company Beard Growth Oil - Onion 30 ml,0,1,0
Beauty,Men's Grooming,Bombay Shaving Company Beard Growth Onion Oil 30 ml + Charcoal Face Wash 100 gm,0,1,0
Beauty,Men's Grooming,Bombay Shaving Company Pocket Size Beard Brush with Free Faux Leather Pouch,0,3,2
Beauty,Men's Grooming,Bombay Shaving Company Shaving Foam - Charcoal 264 gm,0,4,0
Beauty,Men's Grooming,Bombay Shaving Company Shaving Foam - Sensitive 264 gm,0,15,3
Beauty,Men's Grooming,LetsShave Pro 3 Shaving Razor - Men,0,5,2
Beauty,Men's Grooming,MANCODE 2 in 1 Beard & Face Wash 200 ml,0,31,4
Beauty,Men's Grooming,Mancode Beard Oil -Patchouli 60 ml,0,1,0
Beauty,Men's Grooming,Pink Woolf Shaving Brush - Black,0,0,1
Beauty,Men's Grooming,The Man Company Beard Growth Oil - Almond & Thyme 50 ml,0,3,1
Beauty,Men's Grooming,The Man Company Shaving Foam - Lemon 200 gm,0,27,5
Beauty,Men's Grooming,VEGA Grooming station (VHTH-04) Black 1 gm,0,1,0
Beauty,Men's Grooming,"VEGA Men T1 Beard Trimmer For Men With 40 Mins Run Time, Usb Charging & 23 Length Settings (VHTH-18 Black) 1 gm",0,3,2
Beauty,Men's Grooming,VEGA Men X3 Beard Trimmer For Men With Quick Charge 90 Mins Run-time Waterproof For Cord & Cordless Use And 40 Length Settings (VHTH-24) 1 gm,0,1,1
Beauty,Men's Grooming,Volamena Beard Growth Oil - Red Onion & Lavender 50 ml,0,1,0
Beauty,Moisturizers,Face Moisturizers,0,2,0
Beauty,Mom & Baby,Groceries,0,0,1
